lane_id,supplier_id,dc_id,distance_miles,cost_per_container,pallets_per_container,lead_time_days,lane_reliability,is_available
SUP_001_DC_LA,SUP_001,DC_LA,416.6,1518.75,22,1,0.926,True
SUP_001_DC_DAL,SUP_001,DC_DAL,1021.0,2706.95,20,3,0.866,True
SUP_001_DC_CHI,SUP_001,DC_CHI,1768.2,3686.79,24,4,0.929,True
SUP_001_DC_NY,SUP_001,DC_NY,2530.3,6147.48,20,6,0.868,True
SUP_002_DC_LA,SUP_002,DC_LA,432.7,1604.01,22,1,0.909,True
SUP_002_DC_DAL,SUP_002,DC_DAL,1022.1,2713.83,22,3,0.944,True
SUP_002_DC_CHI,SUP_002,DC_CHI,1750.7,3554.88,26,4,0.897,True
SUP_002_DC_NY,SUP_002,DC_NY,2380.0,4919.99,22,5,0.858,True
SUP_003_DC_LA,SUP_003,DC_LA,392.0,1315.18,24,1,0.944,True
SUP_003_DC_DAL,SUP_003,DC_DAL,1579.7,3529.97,26,4,0.907,True
SUP_003_DC_CHI,SUP_003,DC_CHI,2097.3,4621.42,24,5,0.952,True
SUP_003_DC_NY,SUP_003,DC_NY,3044.2,6187.07,20,7,0.962,True
SUP_004_DC_LA,SUP_004,DC_LA,1517.4,3156.51,26,4,0.915,True
SUP_004_DC_DAL,SUP_004,DC_DAL,245.2,1243.14,20,1,0.967,True
SUP_004_DC_CHI,SUP_004,DC_CHI,1139.4,2710.92,22,3,0.88,True
SUP_004_DC_NY,SUP_004,DC_NY,1542.6,3240.6,26,4,0.98,True
SUP_005_DC_LA,SUP_005,DC_LA,1075.4,2496.63,26,3,0.986,True
SUP_005_DC_DAL,SUP_005,DC_DAL,1941.7,4099.36,24,4,0.92,True
SUP_005_DC_CHI,SUP_005,DC_CHI,1909.8,4278.93,20,4,0.86,True
SUP_005_DC_NY,SUP_005,DC_NY,2729.9,5489.27,22,6,0.861,True
SUP_006_DC_LA,SUP_006,DC_LA,2294.3,5237.22,24,5,0.95,True
SUP_006_DC_DAL,SUP_006,DC_DAL,1134.6,3102.32,24,3,0.981,False
SUP_006_DC_CHI,SUP_006,DC_CHI,276.6,1121.97,20,1,0.887,True
SUP_006_DC_NY,SUP_006,DC_NY,578.3,1665.51,22,2,0.967,True
SUP_007_DC_LA,SUP_007,DC_LA,2300.6,5347.72,20,5,0.98,True
SUP_007_DC_DAL,SUP_007,DC_DAL,1097.7,2417.76,24,3,0.927,True
SUP_007_DC_CHI,SUP_007,DC_CHI,321.0,1318.07,24,1,0.887,True
SUP_007_DC_NY,SUP_007,DC_NY,574.7,1680.03,20,2,0.889,False
SUP_008_DC_LA,SUP_008,DC_LA,2110.5,4372.06,24,5,0.949,True
SUP_008_DC_DAL,SUP_008,DC_DAL,675.2,2151.86,22,2,0.932,True
SUP_008_DC_CHI,SUP_008,DC_CHI,436.4,1650.72,24,1,0.986,True
SUP_008_DC_NY,SUP_008,DC_NY,857.2,2349.74,22,2,0.928,True
SUP_009_DC_LA,SUP_009,DC_LA,2400.6,5476.27,22,5,0.873,True
SUP_009_DC_DAL,SUP_009,DC_DAL,1008.1,2534.53,26,3,0.897,True
SUP_009_DC_CHI,SUP_009,DC_CHI,328.6,1381.0,22,1,0.865,True
SUP_009_DC_NY,SUP_009,DC_NY,571.6,1870.17,22,2,0.899,True
SUP_010_DC_LA,SUP_010,DC_LA,1627.9,3262.49,22,4,0.896,True
SUP_010_DC_DAL,SUP_010,DC_DAL,551.9,1735.04,24,2,0.945,True
SUP_010_DC_CHI,SUP_010,DC_CHI,464.5,1660.49,20,1,0.875,True
SUP_010_DC_NY,SUP_010,DC_NY,1221.7,3010.65,20,3,0.96,True
SUP_011_DC_LA,SUP_011,DC_LA,2163.5,4808.85,20,5,0.886,True
SUP_011_DC_DAL,SUP_011,DC_DAL,665.7,1781.53,22,2,0.943,True
SUP_011_DC_CHI,SUP_011,DC_CHI,446.8,1550.36,20,1,0.893,True
SUP_011_DC_NY,SUP_011,DC_NY,862.0,2240.0,24,2,0.943,True
SUP_012_DC_LA,SUP_012,DC_LA,2338.3,5102.66,22,5,0.927,False
SUP_012_DC_DAL,SUP_012,DC_DAL,1022.2,2861.62,26,3,0.895,True
SUP_012_DC_CHI,SUP_012,DC_CHI,323.7,1500.95,26,1,0.953,True
SUP_012_DC_NY,SUP_012,DC_NY,533.3,1779.2,24,2,0.883,True
SUP_013_DC_LA,SUP_013,DC_LA,431.2,1372.24,22,1,0.917,True
SUP_013_DC_DAL,SUP_013,DC_DAL,1567.7,4049.27,26,4,0.951,True
SUP_013_DC_CHI,SUP_013,DC_CHI,2032.3,4286.24,22,5,0.955,True
SUP_013_DC_NY,SUP_013,DC_NY,2737.1,5929.07,26,6,0.947,True
SUP_014_DC_LA,SUP_014,DC_LA,2765.7,6299.61,20,6,0.943,True
SUP_014_DC_DAL,SUP_014,DC_DAL,1509.4,3836.9,26,4,0.921,True
SUP_014_DC_CHI,SUP_014,DC_CHI,767.6,2256.67,22,2,0.886,True
SUP_014_DC_NY,SUP_014,DC_NY,94.2,859.82,26,1,0.861,True
SUP_015_DC_LA,SUP_015,DC_LA,1514.2,3563.66,24,4,0.871,True
SUP_015_DC_DAL,SUP_015,DC_DAL,500.2,1542.07,22,2,0.926,True
SUP_015_DC_CHI,SUP_015,DC_CHI,457.3,1648.16,26,1,0.982,False
SUP_015_DC_NY,SUP_015,DC_NY,1315.8,3495.9,26,3,0.892,True
SUP_016_DC_LA,SUP_016,DC_LA,1651.7,4081.42,26,4,0.962,True
SUP_016_DC_DAL,SUP_016,DC_DAL,258.1,1089.28,24,1,0.897,True
SUP_016_DC_CHI,SUP_016,DC_CHI,1070.6,3169.68,22,3,0.987,True
SUP_016_DC_NY,SUP_016,DC_NY,1711.0,3608.27,20,4,0.971,True
SUP_017_DC_LA,SUP_017,DC_LA,1983.4,4100.66,24,4,0.957,True
SUP_017_DC_DAL,SUP_017,DC_DAL,730.4,1861.57,26,2,0.853,True
SUP_017_DC_CHI,SUP_017,DC_CHI,485.0,1446.44,24,1,0.984,True
SUP_017_DC_NY,SUP_017,DC_NY,822.5,1969.18,22,2,0.871,True
SUP_018_DC_LA,SUP_018,DC_LA,2803.1,5741.8,22,6,0.902,True
SUP_018_DC_DAL,SUP_018,DC_DAL,1576.3,3670.54,20,4,0.894,True
SUP_018_DC_CHI,SUP_018,DC_CHI,803.0,2304.94,26,2,0.861,True
SUP_018_DC_NY,SUP_018,DC_NY,94.1,867.28,20,1,0.946,True
SUP_019_DC_LA,SUP_019,DC_LA,2540.4,5318.65,20,6,0.902,True
SUP_019_DC_DAL,SUP_019,DC_DAL,1205.8,2951.02,26,3,0.985,True
SUP_019_DC_CHI,SUP_019,DC_CHI,489.4,1710.46,22,1,0.985,True
SUP_019_DC_NY,SUP_019,DC_NY,375.7,1517.49,26,1,0.933,True
SUP_020_DC_LA,SUP_020,DC_LA,2542.7,5267.59,20,6,0.955,True
SUP_020_DC_DAL,SUP_020,DC_DAL,1337.5,3187.9,24,3,0.875,True
SUP_020_DC_CHI,SUP_020,DC_CHI,737.2,2087.93,24,2,0.973,True
SUP_020_DC_NY,SUP_020,DC_NY,329.6,1336.95,22,1,0.918,True
SUP_021_DC_LA,SUP_021,DC_LA,976.5,2316.13,26,2,0.891,True
SUP_021_DC_DAL,SUP_021,DC_DAL,738.2,2129.5,24,2,0.91,True
SUP_021_DC_CHI,SUP_021,DC_CHI,1034.2,2457.24,26,3,0.867,True
SUP_021_DC_NY,SUP_021,DC_NY,1784.9,4056.12,22,4,0.889,True
SUP_022_DC_LA,SUP_022,DC_LA,3073.9,7745.06,24,7,0.891,True
SUP_022_DC_DAL,SUP_022,DC_DAL,1738.6,4217.94,22,4,0.927,True
SUP_022_DC_CHI,SUP_022,DC_CHI,931.5,2103.12,26,2,0.89,True
SUP_022_DC_NY,SUP_022,DC_NY,214.5,1177.87,20,1,0.866,True
SUP_023_DC_LA,SUP_023,DC_LA,1103.1,2808.93,20,3,0.983,True
SUP_023_DC_DAL,SUP_023,DC_DAL,1872.5,4636.68,26,4,0.882,True
SUP_023_DC_CHI,SUP_023,DC_CHI,1980.9,4393.12,26,4,0.91,True
SUP_023_DC_NY,SUP_023,DC_NY,2614.4,5892.91,20,6,0.88,True
SUP_024_DC_LA,SUP_024,DC_LA,2181.2,4605.04,22,5,0.907,True
SUP_024_DC_DAL,SUP_024,DC_DAL,1144.9,2874.7,20,3,0.948,True
SUP_024_DC_CHI,SUP_024,DC_CHI,278.8,1315.54,24,1,0.943,True
SUP_024_DC_NY,SUP_024,DC_NY,547.6,1942.44,22,2,0.966,True
SUP_025_DC_LA,SUP_025,DC_LA,1678.5,4251.48,24,4,0.979,True
SUP_025_DC_DAL,SUP_025,DC_DAL,989.7,2931.75,24,2,0.92,True
SUP_025_DC_CHI,SUP_025,DC_CHI,386.9,1593.22,20,1,0.935,True
SUP_025_DC_NY,SUP_025,DC_NY,1130.2,3240.66,20,3,0.888,True
