lane_id,dc_id,region_id,distance_miles,cost_per_pallet,lead_time_days,is_available
DC_LA_REG_PNW,DC_LA,REG_PNW,1111.5,116.73,2,True
DC_LA_REG_WEST,DC_LA,REG_WEST,40.4,21.12,1,True
DC_LA_REG_SW,DC_LA,REG_SW,416.9,55.38,1,True
DC_LA_REG_MW,DC_LA,REG_MW,1929.3,178.77,4,True
DC_LA_REG_SOUTH,DC_LA,REG_SOUTH,1450.1,138.64,3,True
DC_LA_REG_SE,DC_LA,REG_SE,2154.1,250.23,4,True
DC_LA_REG_MA,DC_LA,REG_MA,2630.8,250.02,5,True
DC_LA_REG_NE,DC_LA,REG_NE,2846.4,327.71,5,True
DC_DAL_REG_PNW,DC_DAL,REG_PNW,1898.4,225.92,4,True
DC_DAL_REG_WEST,DC_DAL,REG_WEST,1400.7,139.21,3,True
DC_DAL_REG_SW,DC_DAL,REG_SW,988.8,117.14,2,True
DC_DAL_REG_MW,DC_DAL,REG_MW,904.7,88.69,2,True
DC_DAL_REG_SOUTH,DC_DAL,REG_SOUTH,14.2,19.24,1,True
DC_DAL_REG_SE,DC_DAL,REG_SE,786.8,103.7,2,True
DC_DAL_REG_MA,DC_DAL,REG_MA,1314.5,118.34,3,True
DC_DAL_REG_NE,DC_DAL,REG_NE,1714.6,144.42,3,True
DC_CHI_REG_PNW,DC_CHI,REG_PNW,2043.0,198.72,4,True
DC_CHI_REG_WEST,DC_CHI,REG_WEST,2024.6,200.08,4,True
DC_CHI_REG_SW,DC_CHI,REG_SW,1650.3,151.57,3,True
DC_CHI_REG_MW,DC_CHI,REG_MW,38.8,21.09,1,True
DC_CHI_REG_SOUTH,DC_CHI,REG_SOUTH,912.5,115.52,2,True
DC_CHI_REG_SE,DC_CHI,REG_SE,701.6,91.36,2,True
DC_CHI_REG_MA,DC_CHI,REG_MA,696.4,78.31,2,True
DC_CHI_REG_NE,DC_CHI,REG_NE,915.3,112.11,2,True
DC_NY_REG_PNW,DC_NY,REG_PNW,2664.0,267.02,5,True
DC_NY_REG_WEST,DC_NY,REG_WEST,2756.2,227.32,5,True
DC_NY_REG_SW,DC_NY,REG_SW,2393.6,238.4,4,True
DC_NY_REG_MW,DC_NY,REG_MW,828.0,86.62,2,True
DC_NY_REG_SOUTH,DC_NY,REG_SOUTH,1605.9,167.14,3,True
DC_NY_REG_SE,DC_NY,REG_SE,878.2,81.01,2,True
DC_NY_REG_MA,DC_NY,REG_MA,230.6,41.63,1,True
DC_NY_REG_NE,DC_NY,REG_NE,158.7,34.32,1,True
